{
    "RMSE": 0.7468584808660347,
    "MAE": 0.6250713470553425,
    "R2": 0.03862533783867095
}